{
  "src\\fastapistock\\config.py": 1775832446.0056577,
  "src\\fastapistock\\exceptions.py": 1775401366.4438536,
  "src\\fastapistock\\main.py": 1775832446.0066543,
  "src\\fastapistock\\scheduler.py": 1775740335.513365,
  "src\\fastapistock\\__init__.py": 1775214197.74799,
  "src\\fastapistock\\cache\\redis_cache.py": 1775403482.8836324,
  "src\\fastapistock\\cache\\__init__.py": 1775401366.2963412,
  "src\\fastapistock\\middleware\\logging.py": 1775471319.7021253,
  "src\\fastapistock\\middleware\\__init__.py": 1775471319.7021253,
  "src\\fastapistock\\middleware\\rate_limit\\config.py": 1775471319.7031336,
  "src\\fastapistock\\middleware\\rate_limit\\limiter.py": 1775471319.7031336,
  "src\\fastapistock\\middleware\\rate_limit\\__init__.py": 1775471319.7021253,
  "src\\fastapistock\\repositories\\investment_plan_repo.py": 1775832446.0066543,
  "src\\fastapistock\\repositories\\portfolio_repo.py": 1775921358.1162987,
  "src\\fastapistock\\repositories\\twstock_repo.py": 1775740335.4836934,
  "src\\fastapistock\\repositories\\us_stock_repo.py": 1775748218.2065525,
  "src\\fastapistock\\repositories\\__init__.py": 1775401366.4558532,
  "src\\fastapistock\\routers\\health.py": 1775401366.4648526,
  "src\\fastapistock\\routers\\index.py": 1775471319.7031336,
  "src\\fastapistock\\routers\\stocks.py": 1775471319.7041311,
  "src\\fastapistock\\routers\\telegram.py": 1775740335.4986923,
  "src\\fastapistock\\routers\\us_telegram.py": 1775740335.5056906,
  "src\\fastapistock\\routers\\webhook.py": 1775920286.7000315,
  "src\\fastapistock\\routers\\__init__.py": 1775401366.4578564,
  "src\\fastapistock\\schemas\\common.py": 1775401366.4798527,
  "src\\fastapistock\\schemas\\stock.py": 1775748218.2065525,
  "src\\fastapistock\\schemas\\__init__.py": 1775401366.4728527,
  "src\\fastapistock\\services\\indicators.py": 1775740335.5364146,
  "src\\fastapistock\\services\\investment_plan_service.py": 1775865662.647707,
  "src\\fastapistock\\services\\portfolio_service.py": 1775920286.7000315,
  "src\\fastapistock\\services\\stock_service.py": 1775748218.2065525,
  "src\\fastapistock\\services\\telegram_service.py": 1775832446.0086462,
  "src\\fastapistock\\services\\us_stock_service.py": 1775825389.6206634,
  "src\\fastapistock\\services\\__init__.py": 1775401366.4798527,
  "tests\\conftest.py": 1775471319.7301235,
  "tests\\test_health.py": 1775401366.5105512,
  "tests\\test_index.py": 1775471319.7301235,
  "tests\\test_indicators.py": 1775740335.569074,
  "tests\\test_investment_plan_repo.py": 1775832446.0086462,
  "tests\\test_investment_plan_service.py": 1775865662.647707,
  "tests\\test_logging_middleware.py": 1775471319.7311234,
  "tests\\test_portfolio_cache.py": 1775748218.2075531,
  "tests\\test_portfolio_repo.py": 1775752699.1649592,
  "tests\\test_portfolio_repo_pnl.py": 1775921358.1162987,
  "tests\\test_portfolio_service.py": 1775920286.7015371,
  "tests\\test_redis_cache.py": 1775401366.5206375,
  "tests\\test_scheduler.py": 1775740335.5771112,
  "tests\\test_stocks.py": 1775401366.5286362,
  "tests\\test_telegram_formatter.py": 1775752699.1659591,
  "tests\\test_telegram_send_rich.py": 1775748218.209565,
  "tests\\test_tw_telegram_rich.py": 1775740335.5971186,
  "tests\\test_us_stock_repo.py": 1775740335.605116,
  "tests\\test_us_stock_service.py": 1775752305.158759,
  "tests\\test_us_telegram.py": 1775740335.6121156,
  "tests\\test_webhook.py": 1775832446.0096438,
  "tests\\__init__.py": 1775214199.9731236,
  "CLAUDE.md": 1775918313.8443215,
  "README.md": 1775216274.8338716,
  "specs\\001-portfolio-sheets\\data-model.md": 1775748218.199553,
  "specs\\001-portfolio-sheets\\plan.md": 1775749983.0667999,
  "specs\\001-portfolio-sheets\\quickstart.md": 1775748218.2005527,
  "specs\\001-portfolio-sheets\\research.md": 1775748218.201553,
  "specs\\001-portfolio-sheets\\spec.md": 1775749983.0667999,
  "specs\\001-portfolio-sheets\\tasks.md": 1775749983.0678072,
  "specs\\001-portfolio-sheets\\checklists\\requirements.md": 1775748218.1985526,
  "specs\\001-portfolio-sheets\\contracts\\env-variables.md": 1775752305.1537666,
  "specs\\001-portfolio-sheets\\contracts\\portfolio-message-format.md": 1775748218.199553,
  "specs\\002-us-portfolio-sheets\\plan.md": 1775752699.1619587,
  "specs\\002-us-portfolio-sheets\\spec.md": 1775752699.1619587,
  "specs\\002-us-portfolio-sheets\\tasks.md": 1775752699.162959,
  "specs\\003-bot-webhook-commands\\data-model.md": 1775865662.646708,
  "specs\\003-bot-webhook-commands\\plan.md": 1775832445.9807825,
  "specs\\003-bot-webhook-commands\\quickstart.md": 1775832445.981783,
  "specs\\003-bot-webhook-commands\\research.md": 1775832445.9956355,
  "specs\\003-bot-webhook-commands\\spec.md": 1775865662.646708,
  "specs\\003-bot-webhook-commands\\tasks.md": 1775832446.0046391,
  "specs\\003-bot-webhook-commands\\checklists\\requirements.md": 1775832445.9722703,
  "specs\\003-bot-webhook-commands\\contracts\\webhook.md": 1775865662.6457071,
  "specs\\feature\\stock\\data-model.md": 1775748218.2035537,
  "specs\\feature\\stock\\plan.md": 1775740335.3507574,
  "specs\\feature\\stock\\quickstart.md": 1775740335.3567939,
  "specs\\feature\\stock\\research.md": 1775740335.367792,
  "specs\\feature\\stock\\spec.md": 1775748218.204553,
  "specs\\feature\\stock\\tasks.md": 1775740335.3754866,
  "specs\\feature\\stock\\contracts\\api-endpoints.md": 1775740335.3228538,
  "specs\\feature\\stock\\contracts\\env-variables.md": 1775740335.3293843,
  "specs\\feature\\stock\\contracts\\telegram-message-format.md": 1775748218.2035537,
  "specs\\main\\data-model.md": 1775921358.115298,
  "specs\\main\\plan.md": 1775920286.6976812,
  "specs\\main\\quickstart.md": 1775920286.69868,
  "specs\\main\\research.md": 1775920286.69868,
  "specs\\main\\spec.md": 1775740335.4360507,
  "specs\\main\\tasks.md": 1775920286.69868,
  "specs\\main\\contracts\\api-contracts.md": 1775229485.4094546,
  "specs\\main\\contracts\\pnl-command.md": 1775920286.696682,
  "specs\\main\\task\\20260403task-stock.md": 1775401366.281765,
  "specs\\main\\task\\20260404task-redis.md": 1775401366.2884402,
  "specs\\main\\task\\20260405task-railway-deploy.md": 1775401366.2884402,
  "specs\\main\\task\\20260405task-railway.md": 1775401366.2894492,
  "specs\\main\\task\\20260405task-telegram-info-cache-adjust copy.md": 1775401366.290336,
  "specs\\main\\task\\20260405task-telegram-info.md": 1775401366.290336,
  "specs\\main\\task\\20260406bug-fix.md": 1775471319.7001233,
  "specs\\main\\task\\20260406task-observability.md": 1775471319.7011435
}
