{
  "alembic\\env.py": 1777273353.597892,
  "alembic\\versions\\eeb0be489f4b_initial_snapshot_tables.py": 1777273353.5988653,
  "src\\fastapistock\\config.py": 1777273353.6028633,
  "src\\fastapistock\\exceptions.py": 1775401366.4438536,
  "src\\fastapistock\\main.py": 1777302880.902678,
  "src\\fastapistock\\scheduler.py": 1778131535.394068,
  "src\\fastapistock\\__init__.py": 1775214197.74799,
  "src\\fastapistock\\cache\\redis_cache.py": 1775403482.8836324,
  "src\\fastapistock\\cache\\__init__.py": 1775401366.2963412,
  "src\\fastapistock\\db\\engine.py": 1777276958.5576243,
  "src\\fastapistock\\db\\models.py": 1777273353.6038709,
  "src\\fastapistock\\db\\__init__.py": 1777273353.6038709,
  "src\\fastapistock\\middleware\\logging.py": 1775471319.7021253,
  "src\\fastapistock\\middleware\\__init__.py": 1775471319.7021253,
  "src\\fastapistock\\middleware\\rate_limit\\config.py": 1776870325.3787916,
  "src\\fastapistock\\middleware\\rate_limit\\limiter.py": 1775471319.7031336,
  "src\\fastapistock\\middleware\\rate_limit\\__init__.py": 1776870325.3787916,
  "src\\fastapistock\\repositories\\investment_plan_repo.py": 1776782004.0515628,
  "src\\fastapistock\\repositories\\portfolio_repo.py": 1776782004.0655682,
  "src\\fastapistock\\repositories\\portfolio_snapshot_repo.py": 1777789778.77066,
  "src\\fastapistock\\repositories\\report_history_repo.py": 1777303288.4241784,
  "src\\fastapistock\\repositories\\sheet_writer.py": 1777273353.60586,
  "src\\fastapistock\\repositories\\signal_history_repo.py": 1776870325.379792,
  "src\\fastapistock\\repositories\\transactions_repo.py": 1777282257.4232845,
  "src\\fastapistock\\repositories\\twstock_repo.py": 1776782004.1011064,
  "src\\fastapistock\\repositories\\us_stock_repo.py": 1777337352.3034842,
  "src\\fastapistock\\repositories\\__init__.py": 1775401366.4558532,
  "src\\fastapistock\\routers\\health.py": 1775401366.4648526,
  "src\\fastapistock\\routers\\index.py": 1775471319.7031336,
  "src\\fastapistock\\routers\\reports.py": 1777273353.60686,
  "src\\fastapistock\\routers\\stocks.py": 1775471319.7041311,
  "src\\fastapistock\\routers\\telegram.py": 1775740335.4986923,
  "src\\fastapistock\\routers\\us_telegram.py": 1775740335.5056906,
  "src\\fastapistock\\routers\\webhook.py": 1778133818.717098,
  "src\\fastapistock\\routers\\__init__.py": 1775401366.4578564,
  "src\\fastapistock\\schemas\\common.py": 1775401366.4798527,
  "src\\fastapistock\\schemas\\stock.py": 1776782004.1504228,
  "src\\fastapistock\\schemas\\__init__.py": 1775401366.4728527,
  "src\\fastapistock\\scripts\\backfill_history.py": 1777789778.77066,
  "src\\fastapistock\\scripts\\__init__.py": 1777273353.6128602,
  "src\\fastapistock\\services\\history_handler.py": 1777273353.6138601,
  "src\\fastapistock\\services\\indicators.py": 1775740335.5364146,
  "src\\fastapistock\\services\\investment_plan_service.py": 1776782004.1744895,
  "src\\fastapistock\\services\\portfolio_service.py": 1776782004.1820645,
  "src\\fastapistock\\services\\report_service.py": 1777273353.6148617,
  "src\\fastapistock\\services\\stock_service.py": 1775748218.2065525,
  "src\\fastapistock\\services\\telegram_service.py": 1778133818.7180984,
  "src\\fastapistock\\services\\us_stock_service.py": 1776782004.1830983,
  "src\\fastapistock\\services\\__init__.py": 1775401366.4798527,
  "tests\\conftest.py": 1777273353.6158617,
  "tests\\test_backfill_history.py": 1777357741.5433373,
  "tests\\test_health.py": 1775401366.5105512,
  "tests\\test_history_api.py": 1777273353.616862,
  "tests\\test_history_webhook.py": 1777273353.6178617,
  "tests\\test_index.py": 1775471319.7301235,
  "tests\\test_indicators.py": 1775740335.569074,
  "tests\\test_investment_plan_repo.py": 1776782004.2260747,
  "tests\\test_investment_plan_service.py": 1776782004.2340763,
  "tests\\test_logging_middleware.py": 1775471319.7311234,
  "tests\\test_portfolio_cache.py": 1775748218.2075531,
  "tests\\test_portfolio_repo.py": 1775752699.1649592,
  "tests\\test_portfolio_repo_pnl.py": 1776782004.2419765,
  "tests\\test_portfolio_service.py": 1776782004.2486694,
  "tests\\test_portfolio_snapshot_repo.py": 1776870325.3833017,
  "tests\\test_redis_cache.py": 1775401366.5206375,
  "tests\\test_reports_router.py": 1777273353.6198623,
  "tests\\test_report_history_repo.py": 1777273353.6178617,
  "tests\\test_report_pipeline.py": 1777273353.6178617,
  "tests\\test_report_pipeline_integration.py": 1777273353.618863,
  "tests\\test_report_service.py": 1777273353.618863,
  "tests\\test_scheduler.py": 1778131535.4376187,
  "tests\\test_sheet_writer.py": 1777273353.6198623,
  "tests\\test_signal_history_repo.py": 1776870325.3853135,
  "tests\\test_spec005_edge_cases.py": 1777282257.4242706,
  "tests\\test_stocks.py": 1775401366.5286362,
  "tests\\test_telegram_formatter.py": 1778056342.3887067,
  "tests\\test_telegram_send_rich.py": 1775748218.209565,
  "tests\\test_transactions_repo.py": 1777282257.4252703,
  "tests\\test_trigger_endpoint.py": 1777273353.6208615,
  "tests\\test_twstock_repo_resolve_price.py": 1776782004.273369,
  "tests\\test_tw_telegram_rich.py": 1775740335.5971186,
  "tests\\test_us_stock_repo.py": 1777337352.3044858,
  "tests\\test_us_stock_service.py": 1776782004.2893746,
  "tests\\test_us_telegram.py": 1775740335.6121156,
  "tests\\test_webhook.py": 1776782004.305374,
  "tests\\__init__.py": 1775214199.9731236,
  "CLAUDE.md": 1777473744.3091412,
  "README.md": 1775216274.8338716,
  "docs\\architecture.md": 1777993540.3292532,
  "graphify-out\\graph.html": 1778253183.7435079,
  "graphify-out\\GRAPH_REPORT.md": 1778253172.5387034,
  "specs\\001-portfolio-sheets\\data-model.md": 1775748218.199553,
  "specs\\001-portfolio-sheets\\plan.md": 1775749983.0667999,
  "specs\\001-portfolio-sheets\\quickstart.md": 1775748218.2005527,
  "specs\\001-portfolio-sheets\\research.md": 1775748218.201553,
  "specs\\001-portfolio-sheets\\spec.md": 1775749983.0667999,
  "specs\\001-portfolio-sheets\\tasks.md": 1775749983.0678072,
  "specs\\001-portfolio-sheets\\checklists\\requirements.md": 1775748218.1985526,
  "specs\\001-portfolio-sheets\\contracts\\env-variables.md": 1775752305.1537666,
  "specs\\001-portfolio-sheets\\contracts\\portfolio-message-format.md": 1775748218.199553,
  "specs\\002-us-portfolio-sheets\\plan.md": 1775752699.1619587,
  "specs\\002-us-portfolio-sheets\\spec.md": 1775752699.1619587,
  "specs\\002-us-portfolio-sheets\\tasks.md": 1775752699.162959,
  "specs\\003-bot-webhook-commands\\data-model.md": 1776782003.8940694,
  "specs\\003-bot-webhook-commands\\plan.md": 1776782003.9198396,
  "specs\\003-bot-webhook-commands\\quickstart.md": 1776782003.9335186,
  "specs\\003-bot-webhook-commands\\research.md": 1776782003.9475222,
  "specs\\003-bot-webhook-commands\\spec.md": 1776782003.9545238,
  "specs\\003-bot-webhook-commands\\tasks.md": 1776782003.9617705,
  "specs\\003-bot-webhook-commands\\checklists\\requirements.md": 1776782003.8680015,
  "specs\\003-bot-webhook-commands\\contracts\\webhook.md": 1776782003.876007,
  "specs\\004-cost-level-signal\\spec.md": 1776786326.4968374,
  "specs\\005-signal-history-reports\\spec.md": 1776870325.3767917,
  "specs\\006-report-history-postgres\\spec.md": 1777273353.601863,
  "specs\\feature\\stock\\data-model.md": 1775748218.2035537,
  "specs\\feature\\stock\\plan.md": 1775740335.3507574,
  "specs\\feature\\stock\\quickstart.md": 1775740335.3567939,
  "specs\\feature\\stock\\research.md": 1775740335.367792,
  "specs\\feature\\stock\\spec.md": 1775748218.204553,
  "specs\\feature\\stock\\tasks.md": 1775740335.3754866,
  "specs\\feature\\stock\\contracts\\api-endpoints.md": 1775740335.3228538,
  "specs\\feature\\stock\\contracts\\env-variables.md": 1775740335.3293843,
  "specs\\feature\\stock\\contracts\\telegram-message-format.md": 1775748218.2035537,
  "specs\\main\\data-model.md": 1776782003.9923375,
  "specs\\main\\plan.md": 1776782004.0014777,
  "specs\\main\\quickstart.md": 1776782004.0117943,